dep;anc_reg;reg
Ain;Rhône-Alpes;Auvergne-Rhône-Alpes
Aisne;Picardie;Hauts-de-France
Allier;Auvergne;Auvergne-Rhône-Alpes
Alpes-de-Haute-Provence;Provence-Alpes-Côte-d'Azur;Provence-Alpes-Côte-d'Azur
Alpes-Maritimes;Provence-Alpes-Côte-d'Azur;Provence-Alpes-Côte-d'Azur
Ardèche;Rhône-Alpes;Auvergne-Rhône-Alpes
Ardennes;Champagne-Ardenne;Grand Est
Ariège;Midi-Pyrénées;Occitanie
Aube;Champagne-Ardenne;Grand Est
Aude;Languedoc-Roussillon;Occitanie
Aveyron;Midi-Pyrénées;Occitanie
Bas-Rhin;Alsace;Grand Est
Bouches-du-Rhône;Provence-Alpes-Côte-d'Azur;Provence-Alpes-Côte-d'Azur
Calvados;Basse-Normandie;Normandie
Cantal;Auvergne;Auvergne-Rhône-Alpes
Charente;Poitou-Charentes;Nouvelle-Aquitaine
Charente-Maritime;Poitou-Charentes;Nouvelle-Aquitaine
Cher;Centre;Centre
Corrèze;Limousin;Nouvelle-Aquitaine
Corse-du-Sud;Corse;Corse
Côte-d'Or;Bourgogne;Bourgogne-Franche-Comté
Côtes-d'Armor;Bretagne;Bretagne
Creuse;Limousin;Nouvelle-Aquitaine
Deux-Sèvres;Poitou-Charentes;Nouvelle-Aquitaine
Dordogne;Aquitaine;Nouvelle-Aquitaine
Doubs;Franche-Comté;Bourgogne-Franche-Comté
Drôme;Rhône-Alpes;Auvergne-Rhône-Alpes
Essonne;Ile-de-France;Ile-de-France
Eure;Haute-Normandie;Normandie
Eure-et-Loir;Centre;Centre
Finistère;Bretagne;Bretagne
Gard;Languedoc-Roussillon;Occitanie
Gers;Midi-Pyrénées;Occitanie
Gironde;Aquitaine;Nouvelle-Aquitaine
Haut-Rhin;Alsace;Grand Est
Haute-Corse;Corse;Corse
Haute-Garonne;Midi-Pyrénées;Occitanie
Haute-Loire;Auvergne;Auvergne-Rhône-Alpes
Haute-Marne;Champagne-Ardenne;Grand Est
Haute-Saône;Franche-Comté;Bourgogne-Franche-Comté
Haute-Savoie;Rhône-Alpes;Auvergne-Rhône-Alpes
Haute-Vienne;Limousin;Nouvelle-Aquitaine
Hautes-Alpes;Provence-Alpes-Côte-d'Azur;Provence-Alpes-Côte-d'Azur
Hautes-Pyrénées;Midi-Pyrénées;Occitanie
Hauts-de-Seine;Ile-de-France;Ile-de-France
Hérault;Languedoc-Roussillon;Occitanie
Ille-et-Vilaine;Bretagne;Bretagne
Indre;Centre;Centre
Indre-et-Loire;Centre;Centre
Isère;Rhône-Alpes;Auvergne-Rhône-Alpes
Jura;Franche-Comté;Bourgogne-Franche-Comté
Landes;Aquitaine;Nouvelle-Aquitaine
Loir-et-Cher;Centre;Centre
Loire;Rhône-Alpes;Auvergne-Rhône-Alpes
Loire-Atlantique;Pays-de-la-Loire;Pays-de-la-Loire
Loiret;Centre;Centre
Lot;Midi-Pyrénées;Occitanie
Lot-et-Garonne;Aquitaine;Nouvelle-Aquitaine
Lozère;Languedoc-Roussillon;Occitanie
Maine-et-Loire;Pays-de-la-Loire;Pays-de-la-Loire
Manche;Basse-Normandie;Normandie
Marne;Champagne-Ardenne;Grand Est
Mayenne;Pays-de-la-Loire;Pays-de-la-Loire
Meurthe-et-Moselle;Lorraine;Grand Est
Meuse;Lorraine;Grand Est
Morbihan;Bretagne;Bretagne
Moselle;Lorraine;Grand Est
Nièvre;Bourgogne;Bourgogne-Franche-Comté
Oise;Picardie;Hauts-de-France
Orne;Basse-Normandie;Normandie
Paris;Ile-de-France;Ile-de-France
Pas-de-Calais;Nord-Pas-de-Calais;Hauts-de-France
Puy-de-Dôme;Auvergne;Auvergne-Rhône-Alpes
Pyrénées-Atlantiques;Aquitaine;Nouvelle-Aquitaine
Pyrénées-Orientales;Languedoc-Roussillon;Occitanie
Rhône;Rhône-Alpes;Auvergne-Rhône-Alpes
Saône-et-Loire;Bourgogne;Bourgogne-Franche-Comté
Sarthe;Pays-de-la-Loire;Pays-de-la-Loire
Savoie;Rhône-Alpes;Auvergne-Rhône-Alpes
Seine-et-Marne;Ile-de-France;Ile-de-France
Seine-Maritime;Haute-Normandie;Normandie
Seine-Saint-Denis;Ile-de-France;Ile-de-France
Somme;Picardie;Hauts-de-France
Tarn;Midi-Pyrénées;Occitanie
Tarn-et-Garonne;Midi-Pyrénées;Occitanie
Territoire de Belfort;Franche-Comté;Bourgogne-Franche-Comté
Val-d'Oise;Ile-de-France;Ile-de-France
Val-de-Marne;Ile-de-France;Ile-de-France
Var;Provence-Alpes-Côte-d'Azur;Provence-Alpes-Côte-d'Azur
Vaucluse;Provence-Alpes-Côte-d'Azur;Provence-Alpes-Côte-d'Azur
Vendée;Pays-de-la-Loire;Pays-de-la-Loire
Vienne;Poitou-Charentes;Nouvelle-Aquitaine
Vosges;Lorraine;Grand Est
Yonne;Bourgogne;Bourgogne-Franche-Comté
Yvelines;Ile-de-France;Ile-de-France
Nord;Nord-Pas-de-Calais;Hauts-de-France
