﻿ordre;CD_REF;CD_NOM;NOM_CITE;AUTEUR;NOMS_COMMUNS;POPULATION;RANG;FAMILLE;ENDEMISME;COMMENTAIRE;STATUT;CRITERES;TENDANCE;VERSION;STATUT_I;STATUT_EU;ANNEEEVAL;NOM_LISTE;TYPE_LISTE;GROUPE_GRAND_PUBLIC;CHANGEMENT_STATUT
"15";"2723";"2723";"Anser fabalis fabalis";"(Latham, 1787)";"Oie de taïga";"";"SSES";"Anatidae";"";"";"RE";"";"";"2011";"";"";"";"Liste rouge des oiseaux non nicheurs de France métropolitaine (hivernants)";"Oiseaux_non_nicheurs_metropole_hivernant";"Oiseaux";"";
"25";"2709";"2709";"Cygnus columbianus";"(Ord, 1815)";"Cygne de Bewick";"";"ES";"Anatidae";"";"";"EN";"D";"";"2011";"LC";"VU";"";"Liste rouge des oiseaux non nicheurs de France métropolitaine (hivernants)";"Oiseaux_non_nicheurs_metropole_hivernant";"Oiseaux";"";
"25";"2801";"2801";"Melanitta fusca";"(Linnaeus, 1758)";"Macreuse brune";"";"ES";"Anatidae";"";"";"EN";"B2ab(v)";"";"2011";"VU";"VU";"";"Liste rouge des oiseaux non nicheurs de France métropolitaine (hivernants)";"Oiseaux_non_nicheurs_metropole_hivernant";"Oiseaux";"";
"30";"2720";"2720";"Anser fabalis";"(Latham, 1787)";"Oie des moissons";"";"ES";"Anatidae";"";"";"VU";"B1ab(iv,v)";"";"2011";"LC";"LC";"";"Liste rouge des oiseaux non nicheurs de France métropolitaine (hivernants)";"Oiseaux_non_nicheurs_metropole_hivernant";"Oiseaux";"";
"30";"2724";"2724";"Anser fabalis rossicus";"Buturlin, 1933";"Oie de toundra";"";"SSES";"Anatidae";"";"";"VU";"B1ab(iv,v)";"";"2011";"";"";"";"Liste rouge des oiseaux non nicheurs de France métropolitaine (hivernants)";"Oiseaux_non_nicheurs_metropole_hivernant";"Oiseaux";"";
"30";"2762";"2762";"Branta bernicla hrota";"(O.F. Müller, 1776)";"Bernache à ventre pâle";"";"SSES";"Anatidae";"";"";"VU";"D1";"";"2011";"";"";"";"Liste rouge des oiseaux non nicheurs de France métropolitaine (hivernants)";"Oiseaux_non_nicheurs_metropole_hivernant";"Oiseaux";"";
"30";"959";"959";"Gavia immer";"(Brünnich, 1764)";"Plongeon imbrin";"";"ES";"Gaviidae";"";"";"VU";"D1";"";"2011";"LC";"LC";"";"Liste rouge des oiseaux non nicheurs de France métropolitaine (hivernants)";"Oiseaux_non_nicheurs_metropole_hivernant";"Oiseaux";"";
"30";"199312";"199312";"Mergellus albellus";"(Linnaeus, 1758)";"Harle piette";"";"ES";"Anatidae";"";"";"VU";"D1";"";"2011";"LC";"LC";"";"Liste rouge des oiseaux non nicheurs de France métropolitaine (hivernants)";"Oiseaux_non_nicheurs_metropole_hivernant";"Oiseaux";"";
"30";"2844";"2844";"Milvus milvus";"(Linnaeus, 1758)";"Milan royal";"";"ES";"Accipitridae";"";"";"VU";"A2b C1";"";"2011";"LC";"LC";"";"Liste rouge des oiseaux non nicheurs de France métropolitaine (hivernants)";"Oiseaux_non_nicheurs_metropole_hivernant";"Oiseaux";"";
"30";"2530";"2530";"Platalea leucorodia";"Linnaeus, 1758";"Spatule blanche";"";"ES";"Threskiornithidae";"";"";"VU";"D1";"";"2011";"LC";"LC";"";"Liste rouge des oiseaux non nicheurs de France métropolitaine (hivernants)";"Oiseaux_non_nicheurs_metropole_hivernant";"Oiseaux";"";
"30";"971";"971";"Podiceps auritus";"(Linnaeus, 1758)";"Grèbe esclavon";"";"ES";"Podicipedidae";"";"";"VU";"D1";"";"2011";"VU";"NT";"";"Liste rouge des oiseaux non nicheurs de France métropolitaine (hivernants)";"Oiseaux_non_nicheurs_metropole_hivernant";"Oiseaux";"";
"35";"1998";"1998";"Aythya fuligula";"(Linnaeus, 1758)";"Fuligule morillon";"";"ES";"Anatidae";"";"";"NT";"pr. A2b";"";"2011";"LC";"NT";"";"Liste rouge des oiseaux non nicheurs de France métropolitaine (hivernants)";"Oiseaux_non_nicheurs_metropole_hivernant";"Oiseaux";"";
"35";"2001";"2001";"Aythya marila";"(Linnaeus, 1761)";"Fuligule milouinan";"";"ES";"Anatidae";"";"";"NT";"pr. B2ac(iv) D1";"";"2011";"LC";"LC";"";"Liste rouge des oiseaux non nicheurs de France métropolitaine (hivernants)";"Oiseaux_non_nicheurs_metropole_hivernant";"Oiseaux";"";
"35";"3192";"3192";"Calidris canutus";"(Linnaeus, 1758)";"Bécasseau maubèche";"";"ES";"Scolopacidae";"";"";"NT";"pr. D2";"";"2011";"NT";"LC";"";"Liste rouge des oiseaux non nicheurs de France métropolitaine (hivernants)";"Oiseaux_non_nicheurs_metropole_hivernant";"Oiseaux";"";
"35";"444426";"444426";"Calidris canutus";"(Linnaeus, 1767)";"";"";"SSES";"Scolopacidae";"";"";"NT";"pr. D2";"";"2011";"";"";"";"Liste rouge des oiseaux non nicheurs de France métropolitaine (hivernants)";"Oiseaux_non_nicheurs_metropole_hivernant";"Oiseaux";"";
"35";"3076";"3076";"Grus grus";"(Linnaeus, 1758)";"Grue cendrée";"";"ES";"Gruidae";"";"";"NT";"VU (D2) (-1)";"";"2011";"LC";"LC";"";"Liste rouge des oiseaux non nicheurs de France métropolitaine (hivernants)";"Oiseaux_non_nicheurs_metropole_hivernant";"Oiseaux";"";
"35";"2563";"2563";"Limosa limosa";"(Linnaeus, 1758)";"Barge à queue noire";"";"ES";"Scolopacidae";"";"";"NT";"pr. D2";"";"2011";"NT";"NT";"";"Liste rouge des oiseaux non nicheurs de France métropolitaine (hivernants)";"Oiseaux_non_nicheurs_metropole_hivernant";"Oiseaux";"";
"35";"2567";"2567";"Limosa limosa islandica";"Brehm, 1831";"";"";"SSES";"Scolopacidae";"";"";"NT";"pr. D2";"";"2011";"";"";"";"Liste rouge des oiseaux non nicheurs de France métropolitaine (hivernants)";"Oiseaux_non_nicheurs_metropole_hivernant";"Oiseaux";"";
"40";"3676";"3676";"Alauda arvensis";"Linnaeus, 1758";"Alouette des champs";"";"ES";"Alaudidae";"";"";"LC";"";"";"2011";"LC";"LC";"";"Liste rouge des oiseaux non nicheurs de France métropolitaine (hivernants)";"Oiseaux_non_nicheurs_metropole_hivernant";"Oiseaux";"";
"40";"1973";"1973";"Anas acuta";"Linnaeus, 1758";"Canard pilet";"";"ES";"Anatidae";"";"";"LC";"";"";"2011";"LC";"VU";"";"Liste rouge des oiseaux non nicheurs de France métropolitaine (hivernants)";"Oiseaux_non_nicheurs_metropole_hivernant";"Oiseaux";"";
"40";"1972";"1970";"Anas clypeata";"Linnaeus, 1758";"Canard souchet";"";"ES";"Anatidae";"";"";"LC";"";"";"2011";"";"";"";"Liste rouge des oiseaux non nicheurs de France métropolitaine (hivernants)";"Oiseaux_non_nicheurs_metropole_hivernant";"Oiseaux";"";
"40";"1958";"1958";"Anas crecca";"Linnaeus, 1758";"Sarcelle d'hiver";"";"ES";"Anatidae";"";"";"LC";"";"";"2011";"LC";"LC";"";"Liste rouge des oiseaux non nicheurs de France métropolitaine (hivernants)";"Oiseaux_non_nicheurs_metropole_hivernant";"Oiseaux";"";
"40";"1952";"1950";"Anas penelope";"Linnaeus, 1758";"Canard siffleur";"";"ES";"Anatidae";"";"";"LC";"";"";"2011";"";"";"";"Liste rouge des oiseaux non nicheurs de France métropolitaine (hivernants)";"Oiseaux_non_nicheurs_metropole_hivernant";"Oiseaux";"";
"40";"1966";"1966";"Anas platyrhynchos";"Linnaeus, 1758";"Canard colvert";"";"ES";"Anatidae";"";"";"LC";"";"";"2011";"LC";"LC";"";"Liste rouge des oiseaux non nicheurs de France métropolitaine (hivernants)";"Oiseaux_non_nicheurs_metropole_hivernant";"Oiseaux";"";
"40";"836203";"1956";"Anas strepera";"Linnaeus, 1758";"Canard chipeau";"";"ES";"Anatidae";"";"";"LC";"";"";"2011";"";"";"";"Liste rouge des oiseaux non nicheurs de France métropolitaine (hivernants)";"Oiseaux_non_nicheurs_metropole_hivernant";"Oiseaux";"";
"40";"2741";"2741";"Anser anser";"(Linnaeus, 1758)";"Oie cendrée";"";"ES";"Anatidae";"";"";"LC";"";"";"2011";"LC";"LC";"";"Liste rouge des oiseaux non nicheurs de France métropolitaine (hivernants)";"Oiseaux_non_nicheurs_metropole_hivernant";"Oiseaux";"";
"40";"2504";"2502";"Ardea alba";"(Linnaeus, 1758)";"Grande Aigrette";"";"ES";"Ardeidae";"";"";"LC";"";"";"2011";"";"";"";"Liste rouge des oiseaux non nicheurs de France métropolitaine (hivernants)";"Oiseaux_non_nicheurs_metropole_hivernant";"Oiseaux";"";
"40";"3239";"3239";"Arenaria interpres";"(Linnaeus, 1758)";"Tournepierre à collier";"";"ES";"Scolopacidae";"";"";"LC";"";"";"2011";"LC";"LC";"";"Liste rouge des oiseaux non nicheurs de France métropolitaine (hivernants)";"Oiseaux_non_nicheurs_metropole_hivernant";"Oiseaux";"";
"40";"1991";"1991";"Aythya ferina";"(Linnaeus, 1758)";"Fuligule milouin";"";"ES";"Anatidae";"";"";"LC";"";"";"2011";"VU";"VU";"";"Liste rouge des oiseaux non nicheurs de France métropolitaine (hivernants)";"Oiseaux_non_nicheurs_metropole_hivernant";"Oiseaux";"";
"40";"2757";"2757";"Branta bernicla";"(Linnaeus, 1758)";"Bernache cravant";"";"ES";"Anatidae";"";"";"LC";"";"";"2011";"LC";"LC";"";"Liste rouge des oiseaux non nicheurs de France métropolitaine (hivernants)";"Oiseaux_non_nicheurs_metropole_hivernant";"Oiseaux";"";
"40";"2760";"2760";"Branta bernicla bernicla";"(Linnaeus, 1758)";"Bernache cravant";"";"SSES";"Anatidae";"";"";"LC";"";"";"2011";"";"";"";"Liste rouge des oiseaux non nicheurs de France métropolitaine (hivernants)";"Oiseaux_non_nicheurs_metropole_hivernant";"Oiseaux";"";
"40";"3195";"3195";"Calidris alba";"(Pallas, 1764)";"Bécasseau sanderling";"";"ES";"Scolopacidae";"";"";"LC";"";"";"2011";"LC";"LC";"";"Liste rouge des oiseaux non nicheurs de France métropolitaine (hivernants)";"Oiseaux_non_nicheurs_metropole_hivernant";"Oiseaux";"";
"40";"2911";"2911";"Calidris alpina";"(Linnaeus, 1758)";"Bécasseau variable";"";"ES";"Scolopacidae";"";"";"LC";"";"";"2011";"LC";"LC";"";"Liste rouge des oiseaux non nicheurs de France métropolitaine (hivernants)";"Oiseaux_non_nicheurs_metropole_hivernant";"Oiseaux";"";
"40";"3140";"3140";"Charadrius hiaticula";"Linnaeus, 1758";"Grand Gravelot";"";"ES";"Charadriidae";"";"";"LC";"";"";"2011";"LC";"LC";"";"Liste rouge des oiseaux non nicheurs de France métropolitaine (hivernants)";"Oiseaux_non_nicheurs_metropole_hivernant";"Oiseaux";"";
"40";"530157";"530157";"Chroicocephalus ridibundus";"(Linnaeus, 1766)";"Mouette rieuse";"";"ES";"Laridae";"";"";"LC";"";"";"2011";"";"";"";"Liste rouge des oiseaux non nicheurs de France métropolitaine (hivernants)";"Oiseaux_non_nicheurs_metropole_hivernant";"Oiseaux";"";
"40";"3424";"3424";"Columba palumbus";"Linnaeus, 1758";"Pigeon ramier";"";"ES";"Columbidae";"";"";"LC";"";"";"2011";"LC";"LC";"";"Liste rouge des oiseaux non nicheurs de France métropolitaine (hivernants)";"Oiseaux_non_nicheurs_metropole_hivernant";"Oiseaux";"";
"40";"4501";"4501";"Corvus frugilegus";"Linnaeus, 1758";"Corbeau freux";"";"ES";"Corvidae";"";"";"LC";"";"";"2011";"LC";"VU";"";"Liste rouge des oiseaux non nicheurs de France métropolitaine (hivernants)";"Oiseaux_non_nicheurs_metropole_hivernant";"Oiseaux";"";
"40";"3106";"3106";"Haematopus ostralegus";"Linnaeus, 1758";"Huîtrier pie";"";"ES";"Haematopodidae";"";"";"LC";"";"";"2011";"NT";"VU";"";"Liste rouge des oiseaux non nicheurs de France métropolitaine (hivernants)";"Oiseaux_non_nicheurs_metropole_hivernant";"Oiseaux";"";
"40";"534748";"534748";"Hydrocoloeus minutus";"(Pallas, 1776)";"Mouette pygmée";"";"ES";"Laridae";"";"";"LC";"";"";"2011";"LC";"LC";"";"Liste rouge des oiseaux non nicheurs de France métropolitaine (hivernants)";"Oiseaux_non_nicheurs_metropole_hivernant";"Oiseaux";"";
"40";"3293";"3293";"Larus canus";"Linnaeus, 1758";"Goéland cendré";"";"ES";"Laridae";"";"";"LC";"";"";"2011";"LC";"LC";"";"Liste rouge des oiseaux non nicheurs de France métropolitaine (hivernants)";"Oiseaux_non_nicheurs_metropole_hivernant";"Oiseaux";"";
"40";"3297";"3297";"Larus fuscus";"Linnaeus, 1758";"Goéland brun";"";"ES";"Laridae";"";"";"LC";"";"";"2011";"LC";"LC";"";"Liste rouge des oiseaux non nicheurs de France métropolitaine (hivernants)";"Oiseaux_non_nicheurs_metropole_hivernant";"Oiseaux";"";
"40";"2568";"2568";"Limosa lapponica";"(Linnaeus, 1758)";"Barge rousse";"";"ES";"Scolopacidae";"";"";"LC";"";"";"2011";"NT";"LC";"";"Liste rouge des oiseaux non nicheurs de France métropolitaine (hivernants)";"Oiseaux_non_nicheurs_metropole_hivernant";"Oiseaux";"";
"40";"2794";"2794";"Melanitta nigra";"(Linnaeus, 1758)";"Macreuse noire";"";"ES";"Anatidae";"";"";"LC";"";"";"2011";"LC";"LC";"";"Liste rouge des oiseaux non nicheurs de France métropolitaine (hivernants)";"Oiseaux_non_nicheurs_metropole_hivernant";"Oiseaux";"";
"40";"2818";"2818";"Mergus merganser";"Linnaeus, 1758";"Harle bièvre";"";"ES";"Anatidae";"";"";"LC";"";"";"2011";"LC";"LC";"";"Liste rouge des oiseaux non nicheurs de France métropolitaine (hivernants)";"Oiseaux_non_nicheurs_metropole_hivernant";"Oiseaux";"";
"40";"2816";"2816";"Mergus serrator";"Linnaeus, 1758";"Harle huppé";"";"ES";"Anatidae";"";"";"LC";"";"";"2011";"LC";"NT";"";"Liste rouge des oiseaux non nicheurs de France métropolitaine (hivernants)";"Oiseaux_non_nicheurs_metropole_hivernant";"Oiseaux";"";
"40";"1984";"1984";"Netta rufina";"(Pallas, 1773)";"Nette rousse";"";"ES";"Anatidae";"";"";"LC";"";"";"2011";"LC";"LC";"";"Liste rouge des oiseaux non nicheurs de France métropolitaine (hivernants)";"Oiseaux_non_nicheurs_metropole_hivernant";"Oiseaux";"";
"40";"2576";"2576";"Numenius arquata";"(Linnaeus, 1758)";"Courlis cendré";"";"ES";"Scolopacidae";"";"";"LC";"";"";"2011";"NT";"NT";"";"Liste rouge des oiseaux non nicheurs de France métropolitaine (hivernants)";"Oiseaux_non_nicheurs_metropole_hivernant";"Oiseaux";"";
"40";"2440";"2440";"Phalacrocorax carbo";"(Linnaeus, 1758)";"Grand Cormoran";"";"ES";"Phalacrocoracidae";"";"";"LC";"";"";"2011";"LC";"LC";"";"Liste rouge des oiseaux non nicheurs de France métropolitaine (hivernants)";"Oiseaux_non_nicheurs_metropole_hivernant";"Oiseaux";"";
"40";"3161";"3161";"Pluvialis apricaria";"(Linnaeus, 1758)";"Pluvier doré";"";"ES";"Charadriidae";"";"";"LC";"";"";"2011";"LC";"LC";"";"Liste rouge des oiseaux non nicheurs de France métropolitaine (hivernants)";"Oiseaux_non_nicheurs_metropole_hivernant";"Oiseaux";"";
"40";"3165";"3165";"Pluvialis squatarola";"(Linnaeus, 1758)";"Pluvier argenté";"";"ES";"Charadriidae";"";"";"LC";"";"";"2011";"LC";"LC";"";"Liste rouge des oiseaux non nicheurs de France métropolitaine (hivernants)";"Oiseaux_non_nicheurs_metropole_hivernant";"Oiseaux";"";
"40";"974";"974";"Podiceps nigricollis";"Brehm, 1831";"Grèbe à cou noir";"";"ES";"Podicipedidae";"";"";"LC";"";"";"2011";"LC";"VU";"";"Liste rouge des oiseaux non nicheurs de France métropolitaine (hivernants)";"Oiseaux_non_nicheurs_metropole_hivernant";"Oiseaux";"";
"40";"3116";"3116";"Recurvirostra avosetta";"Linnaeus, 1758";"Avocette élégante";"";"ES";"Recurvirostridae";"";"";"LC";"";"";"2011";"LC";"LC";"";"Liste rouge des oiseaux non nicheurs de France métropolitaine (hivernants)";"Oiseaux_non_nicheurs_metropole_hivernant";"Oiseaux";"";
"40";"2559";"2559";"Scolopax rusticola";"Linnaeus, 1758";"Bécasse des bois";"";"ES";"Scolopacidae";"";"";"LC";"";"";"2011";"LC";"LC";"";"Liste rouge des oiseaux non nicheurs de France métropolitaine (hivernants)";"Oiseaux_non_nicheurs_metropole_hivernant";"Oiseaux";"";
"40";"4516";"4516";"Sturnus vulgaris";"Linnaeus, 1758";"Étourneau sansonnet";"";"ES";"Sturnidae";"";"";"LC";"";"";"2011";"LC";"LC";"";"Liste rouge des oiseaux non nicheurs de France métropolitaine (hivernants)";"Oiseaux_non_nicheurs_metropole_hivernant";"Oiseaux";"";
"40";"2767";"2767";"Tadorna tadorna";"(Linnaeus, 1758)";"Tadorne de Belon";"";"ES";"Anatidae";"";"";"LC";"";"";"2011";"LC";"LC";"";"Liste rouge des oiseaux non nicheurs de France métropolitaine (hivernants)";"Oiseaux_non_nicheurs_metropole_hivernant";"Oiseaux";"";
"40";"4137";"4137";"Turdus iliacus";"Linnaeus, 1766";"Grive mauvis";"";"ES";"Turdidae";"";"";"LC";"";"";"2011";"NT";"LC";"";"Liste rouge des oiseaux non nicheurs de France métropolitaine (hivernants)";"Oiseaux_non_nicheurs_metropole_hivernant";"Oiseaux";"";
"40";"4127";"4127";"Turdus pilaris";"Linnaeus, 1758";"Grive litorne";"";"ES";"Turdidae";"";"";"LC";"";"";"2011";"LC";"LC";"";"Liste rouge des oiseaux non nicheurs de France métropolitaine (hivernants)";"Oiseaux_non_nicheurs_metropole_hivernant";"Oiseaux";"";
"40";"3187";"3187";"Vanellus vanellus";"(Linnaeus, 1758)";"Vanneau huppé";"";"ES";"Charadriidae";"";"";"LC";"";"";"2011";"NT";"VU";"";"Liste rouge des oiseaux non nicheurs de France métropolitaine (hivernants)";"Oiseaux_non_nicheurs_metropole_hivernant";"Oiseaux";"";
"45";"3388";"3388";"Alca torda";"Linnaeus, 1758";"Pingouin torda";"";"ES";"Alcidae";"";"";"DD";"";"";"2011";"LC";"LC";"";"Liste rouge des oiseaux non nicheurs de France métropolitaine (hivernants)";"Oiseaux_non_nicheurs_metropole_hivernant";"Oiseaux";"";
"45";"3726";"3726";"Anthus pratensis";"(Linnaeus, 1758)";"Pipit farlouse";"";"ES";"Motacillidae";"";"";"DD";"";"";"2011";"LC";"LC";"";"Liste rouge des oiseaux non nicheurs de France métropolitaine (hivernants)";"Oiseaux_non_nicheurs_metropole_hivernant";"Oiseaux";"";
"45";"889056";"4586";"Carduelis spinus";"(Linnaeus, 1758)";"Tarin des aulnes";"";"ES";"Fringillidae";"";"";"DD";"";"";"2011";"";"";"";"Liste rouge des oiseaux non nicheurs de France métropolitaine (hivernants)";"Oiseaux_non_nicheurs_metropole_hivernant";"Oiseaux";"";
"45";"2676";"2676";"Falco columbarius";"Linnaeus, 1758";"Faucon émerillon";"";"ES";"Falconidae";"";"";"DD";"";"";"2011";"LC";"VU";"";"Liste rouge des oiseaux non nicheurs de France métropolitaine (hivernants)";"Oiseaux_non_nicheurs_metropole_hivernant";"Oiseaux";"";
"45";"4568";"4568";"Fringilla montifringilla";"Linnaeus, 1758";"Pinson du Nord, Pinson des Ardennes";"";"ES";"Fringillidae";"";"";"DD";"";"";"2011";"LC";"LC";"";"Liste rouge des oiseaux non nicheurs de France métropolitaine (hivernants)";"Oiseaux_non_nicheurs_metropole_hivernant";"Oiseaux";"";
"45";"2543";"2543";"Gallinago gallinago";"(Linnaeus, 1758)";"Bécassine des marais";"";"ES";"Scolopacidae";"";"";"DD";"";"";"2011";"LC";"VU";"";"Liste rouge des oiseaux non nicheurs de France métropolitaine (hivernants)";"Oiseaux_non_nicheurs_metropole_hivernant";"Oiseaux";"";
"45";"2538";"2538";"Lymnocryptes minimus";"(Brünnich, 1764)";"Bécassine sourde";"";"ES";"Scolopacidae";"";"";"DD";"";"";"2011";"LC";"LC";"";"Liste rouge des oiseaux non nicheurs de France métropolitaine (hivernants)";"Oiseaux_non_nicheurs_metropole_hivernant";"Oiseaux";"";
"45";"3379";"3379";"Uria aalge";"(Pontoppidan, 1763)";"Guillemot de Troïl";"";"ES";"Alcidae";"";"";"DD";"";"";"2011";"LC";"LC";"";"Liste rouge des oiseaux non nicheurs de France métropolitaine (hivernants)";"Oiseaux_non_nicheurs_metropole_hivernant";"Oiseaux";"";
"55";"2891";"2891";"Accipiter gentilis";"(Linnaeus, 1758)";"Autour des palombes";"";"ES";"Accipitridae";"";"";"NA";"c";"";"2011";"LC";"LC";"";"Liste rouge des oiseaux non nicheurs de France métropolitaine (hivernants)";"Oiseaux_non_nicheurs_metropole_hivernant";"Oiseaux";"";
"55";"2895";"2895";"Accipiter nisus";"(Linnaeus, 1758)";"Epervier d'Europe";"";"ES";"Accipitridae";"";"";"NA";"c";"";"2011";"LC";"LC";"";"Liste rouge des oiseaux non nicheurs de France métropolitaine (hivernants)";"Oiseaux_non_nicheurs_metropole_hivernant";"Oiseaux";"";
"55";"2616";"2616";"Actitis hypoleucos";"(Linnaeus, 1758)";"Chevalier guignette";"";"ES";"Scolopacidae";"";"";"NA";"c";"";"2011";"LC";"LC";"";"Liste rouge des oiseaux non nicheurs de France métropolitaine (hivernants)";"Oiseaux_non_nicheurs_metropole_hivernant";"Oiseaux";"";
"55";"3571";"3571";"Alcedo atthis";"(Linnaeus, 1758)";"Martin-pêcheur d'Europe";"";"ES";"Alcedinidae";"";"";"NA";"c";"";"2011";"LC";"LC";"";"Liste rouge des oiseaux non nicheurs de France métropolitaine (hivernants)";"Oiseaux_non_nicheurs_metropole_hivernant";"Oiseaux";"";
"55";"3396";"3396";"Alle alle";"(Linnaeus, 1758)";"Mergule nain";"";"ES";"Alcidae";"";"";"NA";"c";"";"2011";"LC";"LC";"";"Liste rouge des oiseaux non nicheurs de France métropolitaine (hivernants)";"Oiseaux_non_nicheurs_metropole_hivernant";"Oiseaux";"";
"55";"2734";"2734";"Anser albifrons";"(Scopoli, 1769)";"Oie rieuse";"";"ES";"Anatidae";"";"";"NA";"c";"";"2011";"LC";"LC";"";"Liste rouge des oiseaux non nicheurs de France métropolitaine (hivernants)";"Oiseaux_non_nicheurs_metropole_hivernant";"Oiseaux";"";
"55";"2725";"2725";"Anser brachyrhynchus";"Baillon, 1834";"Oie à bec court";"";"ES";"Anatidae";"";"";"NA";"b";"";"2011";"LC";"LC";"";"Liste rouge des oiseaux non nicheurs de France métropolitaine (hivernants)";"Oiseaux_non_nicheurs_metropole_hivernant";"Oiseaux";"";
"55";"3716";"3716";"Anthus petrosus";"(Montagu, 1798)";"Pipit maritime";"";"ES";"Motacillidae";"";"";"NA";"c";"";"2011";"LC";"LC";"";"Liste rouge des oiseaux non nicheurs de France métropolitaine (hivernants)";"Oiseaux_non_nicheurs_metropole_hivernant";"Oiseaux";"";
"55";"3733";"3733";"Anthus spinoletta";"(Linnaeus, 1758)";"Pipit spioncelle";"";"ES";"Motacillidae";"";"";"NA";"d";"";"2011";"LC";"LC";"";"Liste rouge des oiseaux non nicheurs de France métropolitaine (hivernants)";"Oiseaux_non_nicheurs_metropole_hivernant";"Oiseaux";"";
"55";"2506";"2506";"Ardea cinerea";"Linnaeus, 1758";"Héron cendré";"";"ES";"Ardeidae";"";"";"NA";"c";"";"2011";"LC";"LC";"";"Liste rouge des oiseaux non nicheurs de France métropolitaine (hivernants)";"Oiseaux_non_nicheurs_metropole_hivernant";"Oiseaux";"";
"55";"3525";"3525";"Asio flammeus";"(Pontoppidan, 1763)";"Hibou des marais";"";"ES";"Strigidae";"";"";"NA";"c";"";"2011";"LC";"LC";"";"Liste rouge des oiseaux non nicheurs de France métropolitaine (hivernants)";"Oiseaux_non_nicheurs_metropole_hivernant";"Oiseaux";"";
"55";"3522";"3522";"Asio otus";"(Linnaeus, 1758)";"Hibou moyen-duc";"";"ES";"Strigidae";"";"";"NA";"d";"";"2011";"LC";"LC";"";"Liste rouge des oiseaux non nicheurs de France métropolitaine (hivernants)";"Oiseaux_non_nicheurs_metropole_hivernant";"Oiseaux";"";
"55";"1988";"1988";"Aythya collaris";"(Donovan, 1809)";"Fuligule à bec cerclé";"";"ES";"Anatidae";"";"";"NA";"c";"";"2011";"LC";"";"";"Liste rouge des oiseaux non nicheurs de France métropolitaine (hivernants)";"Oiseaux_non_nicheurs_metropole_hivernant";"Oiseaux";"";
"55";"1995";"1995";"Aythya nyroca";"(Güldenstädt, 1770)";"Fuligule nyroca";"";"ES";"Anatidae";"";"";"NA";"c";"";"2011";"NT";"LC";"";"Liste rouge des oiseaux non nicheurs de France métropolitaine (hivernants)";"Oiseaux_non_nicheurs_metropole_hivernant";"Oiseaux";"";
"55";"2473";"2473";"Botaurus stellaris";"(Linnaeus, 1758)";"Butor étoilé";"";"ES";"Ardeidae";"";"";"NA";"d";"";"2011";"LC";"LC";"";"Liste rouge des oiseaux non nicheurs de France métropolitaine (hivernants)";"Oiseaux_non_nicheurs_metropole_hivernant";"Oiseaux";"";
"55";"2747";"2747";"Branta canadensis";"(Linnaeus, 1758)";"Bernache du Canada";"";"ES";"Anatidae";"";"";"NA";"a";"";"2011";"LC";"LC";"";"Liste rouge des oiseaux non nicheurs de France métropolitaine (hivernants)";"Oiseaux_non_nicheurs_metropole_hivernant";"Oiseaux";"";
"55";"2750";"2750";"Branta leucopsis";"(Bechstein, 1803)";"Bernache nonette";"";"ES";"Anatidae";"";"";"NA";"c";"";"2011";"LC";"LC";"";"Liste rouge des oiseaux non nicheurs de France métropolitaine (hivernants)";"Oiseaux_non_nicheurs_metropole_hivernant";"Oiseaux";"";
"55";"534762";"534762";"Branta nigricans";"(Lawrence, 1846)";"Bernache du Pacifique";"";"SSES";"Anatidae";"";"";"NA";"c";"";"2011";"";"";"";"Liste rouge des oiseaux non nicheurs de France métropolitaine (hivernants)";"Oiseaux_non_nicheurs_metropole_hivernant";"Oiseaux";"";
"55";"2489";"2489";"Bubulcus ibis";"(Linnaeus, 1758)";"Héron garde-boeufs";"";"ES";"Ardeidae";"";"";"NA";"c";"";"2011";"LC";"LC";"";"Liste rouge des oiseaux non nicheurs de France métropolitaine (hivernants)";"Oiseaux_non_nicheurs_metropole_hivernant";"Oiseaux";"";
"55";"2808";"2808";"Bucephala clangula";"(Linnaeus, 1758)";"Garrot à oeil d'or";"";"ES";"Anatidae";"";"";"NA";"c";"";"2011";"LC";"LC";"";"Liste rouge des oiseaux non nicheurs de France métropolitaine (hivernants)";"Oiseaux_non_nicheurs_metropole_hivernant";"Oiseaux";"";
"55";"3120";"3120";"Burhinus oedicnemus";"(Linnaeus, 1758)";"Oedicnème criard";"";"ES";"Burhinidae";"";"";"NA";"d";"";"2011";"LC";"LC";"";"Liste rouge des oiseaux non nicheurs de France métropolitaine (hivernants)";"Oiseaux_non_nicheurs_metropole_hivernant";"Oiseaux";"";
"55";"2623";"2623";"Buteo buteo";"(Linnaeus, 1758)";"Buse variable";"";"ES";"Accipitridae";"";"";"NA";"c";"";"2011";"LC";"LC";"";"Liste rouge des oiseaux non nicheurs de France métropolitaine (hivernants)";"Oiseaux_non_nicheurs_metropole_hivernant";"Oiseaux";"";
"55";"2630";"2630";"Buteo lagopus";"(Pontoppidan, 1763)";"Buse pattue";"";"ES";"Accipitridae";"";"";"NA";"c";"";"2011";"LC";"LC";"";"Liste rouge des oiseaux non nicheurs de France métropolitaine (hivernants)";"Oiseaux_non_nicheurs_metropole_hivernant";"Oiseaux";"";
"55";"2627";"2627";"Buteo rufinus";"(Cretzschmar, 1827)";"Buse féroce";"";"ES";"Accipitridae";"";"";"NA";"b";"";"2011";"LC";"LC";"";"Liste rouge des oiseaux non nicheurs de France métropolitaine (hivernants)";"Oiseaux_non_nicheurs_metropole_hivernant";"Oiseaux";"";
"55";"4644";"4644";"Calcarius lapponicus";"(Linnaeus, 1758)";"Bruant lapon";"";"ES";"Calcariidae";"";"";"NA";"c";"";"2011";"LC";"LC";"";"Liste rouge des oiseaux non nicheurs de France métropolitaine (hivernants)";"Oiseaux_non_nicheurs_metropole_hivernant";"Oiseaux";"";
"55";"2906";"2906";"Calidris maritima";"(Brünnich, 1764)";"Bécasseau violet";"";"ES";"Scolopacidae";"";"";"NA";"c";"";"2011";"LC";"LC";"";"Liste rouge des oiseaux non nicheurs de France métropolitaine (hivernants)";"Oiseaux_non_nicheurs_metropole_hivernant";"Oiseaux";"";
"55";"3206";"3206";"Calidris minuta";"(Leisler, 1812)";"Bécasseau minute";"";"ES";"Scolopacidae";"";"";"NA";"c";"";"2011";"LC";"LC";"";"Liste rouge des oiseaux non nicheurs de France métropolitaine (hivernants)";"Oiseaux_non_nicheurs_metropole_hivernant";"Oiseaux";"";
"55";"1009";"1009";"Calonectris diomedea";"(Scopoli, 1769)";"Puffin cendré";"";"ES";"Procellariidae";"";"";"NA";"b";"";"2011";"LC";"LC";"";"Liste rouge des oiseaux non nicheurs de France métropolitaine (hivernants)";"Oiseaux_non_nicheurs_metropole_hivernant";"Oiseaux";"";
"55";"889047";"4588";"Carduelis cannabina";"(Linnaeus, 1758)";"Linotte mélodieuse";"";"ES";"Fringillidae";"";"";"NA";"d";"";"2011";"";"";"";"Liste rouge des oiseaux non nicheurs de France métropolitaine (hivernants)";"Oiseaux_non_nicheurs_metropole_hivernant";"Oiseaux";"";
"55";"4583";"4583";"Carduelis carduelis";"(Linnaeus, 1758)";"Chardonneret élégant";"";"ES";"Fringillidae";"";"";"NA";"d";"";"2011";"LC";"LC";"";"Liste rouge des oiseaux non nicheurs de France métropolitaine (hivernants)";"Oiseaux_non_nicheurs_metropole_hivernant";"Oiseaux";"";
"55";"4582";"4580";"Carduelis chloris";"(Linnaeus, 1758)";"Verdier d'Europe";"";"ES";"Fringillidae";"";"";"NA";"d";"";"2011";"";"";"";"Liste rouge des oiseaux non nicheurs de France métropolitaine (hivernants)";"Oiseaux_non_nicheurs_metropole_hivernant";"Oiseaux";"";
"55";"4597";"4595";"Carduelis flammea";"(Linnaeus, 1758)";"Sizerin flammé";"";"ES";"Fringillidae";"";"";"NA";"d";"";"2011";"";"";"";"Liste rouge des oiseaux non nicheurs de France métropolitaine (hivernants)";"Oiseaux_non_nicheurs_metropole_hivernant";"Oiseaux";"";
"55";"889042";"4590";"Carduelis flavirostris";"(Linnaeus, 1758)";"Linotte à bec jaune";"";"ES";"Fringillidae";"";"";"NA";"c";"";"2011";"";"";"";"Liste rouge des oiseaux non nicheurs de France métropolitaine (hivernants)";"Oiseaux_non_nicheurs_metropole_hivernant";"Oiseaux";"";
"55";"3392";"3392";"Cepphus grylle";"(Linnaeus, 1758)";"Guillemot à miroir";"";"ES";"Alcidae";"";"";"NA";"c";"";"2011";"LC";"LC";"";"Liste rouge des oiseaux non nicheurs de France métropolitaine (hivernants)";"Oiseaux_non_nicheurs_metropole_hivernant";"Oiseaux";"";
"55";"3142";"3142";"Charadrius alexandrinus";"Linnaeus, 1758";"Gravelot à collier interrompu";"";"ES";"Charadriidae";"";"";"NA";"c";"";"2011";"LC";"LC";"";"Liste rouge des oiseaux non nicheurs de France métropolitaine (hivernants)";"Oiseaux_non_nicheurs_metropole_hivernant";"Oiseaux";"";
"55";"534662";"534662";"Chroicocephalus genei";"(Brème, 1839)";"Goéland railleur";"";"ES";"Laridae";"";"";"NA";"c";"";"2011";"";"";"";"Liste rouge des oiseaux non nicheurs de France métropolitaine (hivernants)";"Oiseaux_non_nicheurs_metropole_hivernant";"Oiseaux";"";
"55";"2517";"2517";"Ciconia ciconia";"(Linnaeus, 1758)";"Cigogne blanche";"";"ES";"Ciconiidae";"";"";"NA";"c";"";"2011";"LC";"LC";"";"Liste rouge des oiseaux non nicheurs de France métropolitaine (hivernants)";"Oiseaux_non_nicheurs_metropole_hivernant";"Oiseaux";"";
"55";"2514";"2514";"Ciconia nigra";"(Linnaeus, 1758)";"Cigogne noire";"";"ES";"Ciconiidae";"";"";"NA";"c";"";"2011";"LC";"LC";"";"Liste rouge des oiseaux non nicheurs de France métropolitaine (hivernants)";"Oiseaux_non_nicheurs_metropole_hivernant";"Oiseaux";"";
"55";"2878";"2878";"Circus aeruginosus";"(Linnaeus, 1758)";"Busard des roseaux";"";"ES";"Accipitridae";"";"";"NA";"d";"";"2011";"LC";"LC";"";"Liste rouge des oiseaux non nicheurs de France métropolitaine (hivernants)";"Oiseaux_non_nicheurs_metropole_hivernant";"Oiseaux";"";
"55";"2881";"2881";"Circus cyaneus";"(Linnaeus, 1766)";"Busard Saint-Martin";"";"ES";"Accipitridae";"";"";"NA";"c";"";"2011";"LC";"LC";"";"Liste rouge des oiseaux non nicheurs de France métropolitaine (hivernants)";"Oiseaux_non_nicheurs_metropole_hivernant";"Oiseaux";"";
"55";"2790";"2790";"Clangula hyemalis";"(Linnaeus, 1758)";"Harelde boréale";"";"ES";"Anatidae";"";"";"NA";"c";"";"2011";"VU";"LC";"";"Liste rouge des oiseaux non nicheurs de France métropolitaine (hivernants)";"Oiseaux_non_nicheurs_metropole_hivernant";"Oiseaux";"";
"55";"4625";"4625";"Coccothraustes coccothraustes";"(Linnaeus, 1758)";"Grosbec casse-noyaux";"";"ES";"Fringillidae";"";"";"NA";"d";"";"2011";"LC";"LC";"";"Liste rouge des oiseaux non nicheurs de France métropolitaine (hivernants)";"Oiseaux_non_nicheurs_metropole_hivernant";"Oiseaux";"";
"55";"3422";"3422";"Columba oenas";"Linnaeus, 1758";"Pigeon colombin";"";"ES";"Columbidae";"";"";"NA";"d";"";"2011";"LC";"LC";"";"Liste rouge des oiseaux non nicheurs de France métropolitaine (hivernants)";"Oiseaux_non_nicheurs_metropole_hivernant";"Oiseaux";"";
"55";"4505";"199414";"Corvus cornix";"Linnaeus, 1758";"Corneille mantelée";"";"ES";"Corvidae";"";"";"NA";"d";"";"2011";"";"";"";"Liste rouge des oiseaux non nicheurs de France métropolitaine (hivernants)";"Oiseaux_non_nicheurs_metropole_hivernant";"Oiseaux";"";
"55";"4503";"4503";"Corvus corone";"Linnaeus, 1758";"Corneille noire";"";"ES";"Corvidae";"";"";"NA";"d";"";"2011";"LC";"LC";"";"Liste rouge des oiseaux non nicheurs de France métropolitaine (hivernants)";"Oiseaux_non_nicheurs_metropole_hivernant";"Oiseaux";"";
"55";"4494";"4494";"Corvus monedula";"Linnaeus, 1758";"Choucas des tours";"";"ES";"Corvidae";"";"";"NA";"d";"";"2011";"LC";"LC";"";"Liste rouge des oiseaux non nicheurs de France métropolitaine (hivernants)";"Oiseaux_non_nicheurs_metropole_hivernant";"Oiseaux";"";
"55";"2715";"2715";"Cygnus cygnus";"(Linnaeus, 1758)";"Cygne chanteur";"";"ES";"Anatidae";"";"";"NA";"c";"";"2011";"LC";"LC";"";"Liste rouge des oiseaux non nicheurs de France métropolitaine (hivernants)";"Oiseaux_non_nicheurs_metropole_hivernant";"Oiseaux";"";
"55";"2706";"2706";"Cygnus olor";"(Gmelin, 1789)";"Cygne tuberculé";"";"ES";"Anatidae";"";"";"NA";"c";"";"2011";"LC";"LC";"";"Liste rouge des oiseaux non nicheurs de France métropolitaine (hivernants)";"Oiseaux_non_nicheurs_metropole_hivernant";"Oiseaux";"";
"55";"3611";"3611";"Dendrocopos major";"(Linnaeus, 1758)";"Pic épeiche";"";"ES";"Picidae";"";"";"NA";"d";"";"2011";"LC";"LC";"";"Liste rouge des oiseaux non nicheurs de France métropolitaine (hivernants)";"Oiseaux_non_nicheurs_metropole_hivernant";"Oiseaux";"";
"55";"2497";"2497";"Egretta garzetta";"(Linnaeus, 1766)";"Aigrette garzette";"";"ES";"Ardeidae";"";"";"NA";"c";"";"2011";"LC";"LC";"";"Liste rouge des oiseaux non nicheurs de France métropolitaine (hivernants)";"Oiseaux_non_nicheurs_metropole_hivernant";"Oiseaux";"";
"55";"4657";"4657";"Emberiza citrinella";"Linnaeus, 1758";"Bruant jaune";"";"ES";"Emberizidae";"";"";"NA";"d";"";"2011";"LC";"LC";"";"Liste rouge des oiseaux non nicheurs de France métropolitaine (hivernants)";"Oiseaux_non_nicheurs_metropole_hivernant";"Oiseaux";"";
"55";"3681";"3681";"Eremophila alpestris";"(Linnaeus, 1758)";"Alouette haussecol";"";"ES";"Alaudidae";"";"";"NA";"c";"";"2011";"LC";"LC";"";"Liste rouge des oiseaux non nicheurs de France métropolitaine (hivernants)";"Oiseaux_non_nicheurs_metropole_hivernant";"Oiseaux";"";
"55";"4001";"4001";"Erithacus rubecula";"(Linnaeus, 1758)";"Rougegorge familier";"";"ES";"Muscicapidae";"";"";"NA";"d";"";"2011";"LC";"LC";"";"Liste rouge des oiseaux non nicheurs de France métropolitaine (hivernants)";"Oiseaux_non_nicheurs_metropole_hivernant";"Oiseaux";"";
"55";"2938";"2938";"Falco peregrinus";"Tunstall, 1771";"Faucon pèlerin";"";"ES";"Falconidae";"";"";"NA";"d";"";"2011";"LC";"LC";"";"Liste rouge des oiseaux non nicheurs de France métropolitaine (hivernants)";"Oiseaux_non_nicheurs_metropole_hivernant";"Oiseaux";"";
"55";"2669";"2669";"Falco tinnunculus";"Linnaeus, 1758";"Faucon crécerelle";"";"ES";"Falconidae";"";"";"NA";"d";"";"2011";"LC";"LC";"";"Liste rouge des oiseaux non nicheurs de France métropolitaine (hivernants)";"Oiseaux_non_nicheurs_metropole_hivernant";"Oiseaux";"";
"55";"3402";"3402";"Fratercula arctica";"(Linnaeus, 1758)";"Macareux moine";"";"ES";"Alcidae";"";"";"NA";"d";"";"2011";"VU";"EN";"";"Liste rouge des oiseaux non nicheurs de France métropolitaine (hivernants)";"Oiseaux_non_nicheurs_metropole_hivernant";"Oiseaux";"";
"55";"4564";"4564";"Fringilla coelebs";"Linnaeus, 1758";"Pinson des arbres";"";"ES";"Fringillidae";"";"";"NA";"d";"";"2011";"LC";"LC";"";"Liste rouge des oiseaux non nicheurs de France métropolitaine (hivernants)";"Oiseaux_non_nicheurs_metropole_hivernant";"Oiseaux";"";
"55";"3070";"3070";"Fulica atra";"Linnaeus, 1758";"Foulque macroule";"";"ES";"Rallidae";"";"";"NA";"c";"";"2011";"LC";"NT";"";"Liste rouge des oiseaux non nicheurs de France métropolitaine (hivernants)";"Oiseaux_non_nicheurs_metropole_hivernant";"Oiseaux";"";
"55";"998";"998";"Fulmarus glacialis";"(Linnaeus, 1761)";"Fulmar boréal, Pétrel fulmar";"";"ES";"Procellariidae";"";"";"NA";"c";"";"2011";"LC";"VU";"";"Liste rouge des oiseaux non nicheurs de France métropolitaine (hivernants)";"Oiseaux_non_nicheurs_metropole_hivernant";"Oiseaux";"";
"55";"3059";"3059";"Gallinula chloropus";"(Linnaeus, 1758)";"Gallinule poule-d'eau, Poule d'eau";"";"ES";"Rallidae";"";"";"NA";"d";"";"2011";"LC";"LC";"";"Liste rouge des oiseaux non nicheurs de France métropolitaine (hivernants)";"Oiseaux_non_nicheurs_metropole_hivernant";"Oiseaux";"";
"55";"4466";"4466";"Garrulus glandarius";"(Linnaeus, 1758)";"Geai des chênes";"";"ES";"Corvidae";"";"";"NA";"d";"";"2011";"LC";"LC";"";"Liste rouge des oiseaux non nicheurs de France métropolitaine (hivernants)";"Oiseaux_non_nicheurs_metropole_hivernant";"Oiseaux";"";
"55";"953";"953";"Gavia adamsii";"(Gray, 1859)";"Plongeon à bec blanc";"";"ES";"Gaviidae";"";"";"NA";"b";"";"2011";"NT";"VU";"";"Liste rouge des oiseaux non nicheurs de France métropolitaine (hivernants)";"Oiseaux_non_nicheurs_metropole_hivernant";"Oiseaux";"";
"55";"956";"956";"Gavia arctica";"(Linnaeus, 1758)";"Plongeon arctique";"";"ES";"Gaviidae";"";"";"NA";"c";"";"2011";"LC";"LC";"";"Liste rouge des oiseaux non nicheurs de France métropolitaine (hivernants)";"Oiseaux_non_nicheurs_metropole_hivernant";"Oiseaux";"";
"55";"2411";"2411";"Gavia stellata";"(Pontoppidan, 1763)";"Plongeon catmarin";"";"ES";"Gaviidae";"";"";"NA";"c";"";"2011";"LC";"LC";"";"Liste rouge des oiseaux non nicheurs de France métropolitaine (hivernants)";"Oiseaux_non_nicheurs_metropole_hivernant";"Oiseaux";"";
"55";"2848";"2848";"Haliaeetus albicilla";"(Linnaeus, 1758)";"Pygargue à queue blanche";"";"ES";"Accipitridae";"";"";"NA";"d";"";"2011";"LC";"LC";"";"Liste rouge des oiseaux non nicheurs de France métropolitaine (hivernants)";"Oiseaux_non_nicheurs_metropole_hivernant";"Oiseaux";"";
"55";"2651";"2654";"Hieraaetus pennatus";"(Gmelin, 1788)";"Aigle botté";"";"ES";"Accipitridae";"";"";"NA";"c";"";"2011";"";"";"";"Liste rouge des oiseaux non nicheurs de France métropolitaine (hivernants)";"Oiseaux_non_nicheurs_metropole_hivernant";"Oiseaux";"";
"55";"627745";"3272";"Ichthyaetus melanocephalus";"Temminck, 1820";"Mouette mélanocéphale";"";"ES";"Laridae";"";"";"NA";"c";"";"2011";"LC";"LC";"";"Liste rouge des oiseaux non nicheurs de France métropolitaine (hivernants)";"Oiseaux_non_nicheurs_metropole_hivernant";"Oiseaux";"";
"55";"3595";"3595";"Jynx torquilla";"Linnaeus, 1758";"Torcol fourmilier";"";"ES";"Picidae";"";"";"NA";"c";"";"2011";"LC";"LC";"";"Liste rouge des oiseaux non nicheurs de France métropolitaine (hivernants)";"Oiseaux_non_nicheurs_metropole_hivernant";"Oiseaux";"";
"55";"3807";"3807";"Lanius collurio";"Linnaeus, 1758";"Pie-grièche écorcheur";"";"ES";"Laniidae";"";"";"NA";"c";"";"2011";"LC";"LC";"";"Liste rouge des oiseaux non nicheurs de France métropolitaine (hivernants)";"Oiseaux_non_nicheurs_metropole_hivernant";"Oiseaux";"";
"55";"3814";"3814";"Lanius excubitor";"Linnaeus, 1758";"Pie-grièche grise";"";"ES";"Laniidae";"";"";"NA";"d";"";"2011";"LC";"LC";"";"Liste rouge des oiseaux non nicheurs de France métropolitaine (hivernants)";"Oiseaux_non_nicheurs_metropole_hivernant";"Oiseaux";"";
"55";"3302";"3302";"Larus argentatus";"Pontoppidan, 1763";"Goéland argenté";"";"ES";"Laridae";"";"";"NA";"c";"";"2011";"LC";"LC";"";"Liste rouge des oiseaux non nicheurs de France métropolitaine (hivernants)";"Oiseaux_non_nicheurs_metropole_hivernant";"Oiseaux";"";
"55";"3289";"3289";"Larus cachinnans";"Pallas, 1811";"Goéland pontique";"";"ES";"Laridae";"";"";"NA";"c";"";"2011";"LC";"LC";"";"Liste rouge des oiseaux non nicheurs de France métropolitaine (hivernants)";"Oiseaux_non_nicheurs_metropole_hivernant";"Oiseaux";"";
"55";"3309";"3309";"Larus hyperboreus";"Gunnerus, 1767";"Goéland bourgmestre";"";"ES";"Laridae";"";"";"NA";"c";"";"2011";"LC";"LC";"";"Liste rouge des oiseaux non nicheurs de France métropolitaine (hivernants)";"Oiseaux_non_nicheurs_metropole_hivernant";"Oiseaux";"";
"55";"3311";"3311";"Larus marinus";"Linnaeus, 1758";"Goéland marin";"";"ES";"Laridae";"";"";"NA";"c";"";"2011";"LC";"LC";"";"Liste rouge des oiseaux non nicheurs de France métropolitaine (hivernants)";"Oiseaux_non_nicheurs_metropole_hivernant";"Oiseaux";"";
"55";"199374";"199374";"Larus michahellis";"Naumann, 1840";"Goéland leucophée";"";"ES";"Laridae";"";"";"NA";"d";"";"2011";"LC";"LC";"";"Liste rouge des oiseaux non nicheurs de France métropolitaine (hivernants)";"Oiseaux_non_nicheurs_metropole_hivernant";"Oiseaux";"";
"55";"3670";"3670";"Lullula arborea";"(Linnaeus, 1758)";"Alouette lulu";"";"ES";"Alaudidae";"";"";"NA";"c";"";"2011";"LC";"LC";"";"Liste rouge des oiseaux non nicheurs de France métropolitaine (hivernants)";"Oiseaux_non_nicheurs_metropole_hivernant";"Oiseaux";"";
"55";"3941";"3941";"Motacilla alba";"Linnaeus, 1758";"Bergeronnette grise";"";"ES";"Motacillidae";"";"";"NA";"d";"";"2011";"LC";"LC";"";"Liste rouge des oiseaux non nicheurs de France métropolitaine (hivernants)";"Oiseaux_non_nicheurs_metropole_hivernant";"Oiseaux";"";
"55";"3755";"3755";"Motacilla cinerea";"Tunstall, 1771";"Bergeronnette des ruisseaux";"";"ES";"Motacillidae";"";"";"NA";"d";"";"2011";"LC";"LC";"";"Liste rouge des oiseaux non nicheurs de France métropolitaine (hivernants)";"Oiseaux_non_nicheurs_metropole_hivernant";"Oiseaux";"";
"55";"2571";"2571";"Numenius phaeopus";"(Linnaeus, 1758)";"Courlis corlieu";"";"ES";"Scolopacidae";"";"";"NA";"c";"";"2011";"LC";"LC";"";"Liste rouge des oiseaux non nicheurs de France métropolitaine (hivernants)";"Oiseaux_non_nicheurs_metropole_hivernant";"Oiseaux";"";
"55";"2481";"2481";"Nycticorax nycticorax";"(Linnaeus, 1758)";"Bihoreau gris, Héron bihoreau";"";"ES";"Ardeidae";"";"";"NA";"c";"";"2011";"LC";"LC";"";"Liste rouge des oiseaux non nicheurs de France métropolitaine (hivernants)";"Oiseaux_non_nicheurs_metropole_hivernant";"Oiseaux";"";
"55";"2660";"2660";"Pandion haliaetus";"(Linnaeus, 1758)";"Balbuzard pêcheur";"";"ES";"Pandionidae";"";"";"NA";"c";"";"2011";"LC";"LC";"";"Liste rouge des oiseaux non nicheurs de France métropolitaine (hivernants)";"Oiseaux_non_nicheurs_metropole_hivernant";"Oiseaux";"";
"55";"534751";"534751";"Parus ater";"(Linnaeus, 1758)";"Mésange noire";"";"ES";"Paridae";"";"";"NA";"d";"";"2011";"LC";"LC";"";"Liste rouge des oiseaux non nicheurs de France métropolitaine (hivernants)";"Oiseaux_non_nicheurs_metropole_hivernant";"Oiseaux";"";
"55";"3764";"3764";"Parus major";"Linnaeus, 1758";"Mésange charbonnière";"";"ES";"Paridae";"";"";"NA";"b";"";"2011";"LC";"LC";"";"Liste rouge des oiseaux non nicheurs de France métropolitaine (hivernants)";"Oiseaux_non_nicheurs_metropole_hivernant";"Oiseaux";"";
"55";"2447";"2447";"Phalacrocorax aristotelis";"(Linnaeus, 1761)";"Cormoran huppé";"";"ES";"Phalacrocoracidae";"";"";"NA";"d";"";"2011";"LC";"LC";"";"Liste rouge des oiseaux non nicheurs de France métropolitaine (hivernants)";"Oiseaux_non_nicheurs_metropole_hivernant";"Oiseaux";"";
"55";"814245";"2534";"Philomachus pugnax";"(Linnaeus, 1758)";"Combattant varié, Chevalier combattant";"";"ES";"Scolopacidae";"";"";"NA";"c";"";"2011";"";"";"";"Liste rouge des oiseaux non nicheurs de France métropolitaine (hivernants)";"Oiseaux_non_nicheurs_metropole_hivernant";"Oiseaux";"";
"55";"199335";"199335";"Phoenicopterus roseus";"Pallas, 1811";"Flamant rose";"";"ES";"Phoenicopteridae";"";"";"NA";"d";"";"2011";"LC";"LC";"";"Liste rouge des oiseaux non nicheurs de France métropolitaine (hivernants)";"Oiseaux_non_nicheurs_metropole_hivernant";"Oiseaux";"";
"55";"4035";"4035";"Phoenicurus ochruros";"(S. G. Gmelin, 1774)";"Rougequeue noir";"";"ES";"Muscicapidae";"";"";"NA";"d";"";"2011";"LC";"LC";"";"Liste rouge des oiseaux non nicheurs de France métropolitaine (hivernants)";"Oiseaux_non_nicheurs_metropole_hivernant";"Oiseaux";"";
"55";"4280";"4280";"Phylloscopus collybita";"(Vieillot, 1817)";"Pouillot véloce";"";"ES";"Phylloscopidae";"";"";"NA";"d";"";"2011";"LC";"LC";"";"Liste rouge des oiseaux non nicheurs de France métropolitaine (hivernants)";"Oiseaux_non_nicheurs_metropole_hivernant";"Oiseaux";"";
"55";"4649";"4649";"Plectrophenax nivalis";"(Linnaeus, 1758)";"Bruant des neiges";"";"ES";"Calcariidae";"";"";"NA";"c";"";"2011";"LC";"LC";"";"Liste rouge des oiseaux non nicheurs de France métropolitaine (hivernants)";"Oiseaux_non_nicheurs_metropole_hivernant";"Oiseaux";"";
"55";"965";"965";"Podiceps cristatus";"(Linnaeus, 1758)";"Grèbe huppé";"";"ES";"Podicipedidae";"";"";"NA";"c";"";"2011";"LC";"LC";"";"Liste rouge des oiseaux non nicheurs de France métropolitaine (hivernants)";"Oiseaux_non_nicheurs_metropole_hivernant";"Oiseaux";"";
"55";"968";"968";"Podiceps grisegena";"(Boddaert, 1783)";"Grèbe jougris";"";"ES";"Podicipedidae";"";"";"NA";"c";"";"2011";"LC";"VU";"";"Liste rouge des oiseaux non nicheurs de France métropolitaine (hivernants)";"Oiseaux_non_nicheurs_metropole_hivernant";"Oiseaux";"";
"55";"3039";"3039";"Porzana porzana";"(Linnaeus, 1766)";"Marouette ponctuée";"";"ES";"Rallidae";"";"";"NA";"d";"";"2011";"LC";"LC";"";"Liste rouge des oiseaux non nicheurs de France métropolitaine (hivernants)";"Oiseaux_non_nicheurs_metropole_hivernant";"Oiseaux";"";
"55";"3978";"3978";"Prunella modularis";"(Linnaeus, 1758)";"Accenteur mouchet";"";"ES";"Prunellidae";"";"";"NA";"c";"";"2011";"LC";"LC";"";"Liste rouge des oiseaux non nicheurs de France métropolitaine (hivernants)";"Oiseaux_non_nicheurs_metropole_hivernant";"Oiseaux";"";
"55";"199318";"199318";"Puffinus mauretanicus";"P. R. Lowe, 1921";"Puffin des Baléares";"";"ES";"Procellariidae";"";"";"NA";"b";"";"2011";"CR";"CR";"";"Liste rouge des oiseaux non nicheurs de France métropolitaine (hivernants)";"Oiseaux_non_nicheurs_metropole_hivernant";"Oiseaux";"";
"55";"1031";"1031";"Puffinus yelkouan";"(Acerbi, 1827)";"Puffin yelkouan";"";"ES";"Procellariidae";"";"";"NA";"d";"";"2011";"VU";"VU";"";"Liste rouge des oiseaux non nicheurs de France métropolitaine (hivernants)";"Oiseaux_non_nicheurs_metropole_hivernant";"Oiseaux";"";
"55";"4619";"4619";"Pyrrhula pyrrhula";"(Linnaeus, 1758)";"Bouvreuil pivoine";"";"ES";"Fringillidae";"";"";"NA";"d";"";"2011";"LC";"LC";"";"Liste rouge des oiseaux non nicheurs de France métropolitaine (hivernants)";"Oiseaux_non_nicheurs_metropole_hivernant";"Oiseaux";"";
"55";"3036";"3036";"Rallus aquaticus";"Linnaeus, 1758";"Râle d'eau";"";"ES";"Rallidae";"";"";"NA";"d";"";"2011";"LC";"LC";"";"Liste rouge des oiseaux non nicheurs de France métropolitaine (hivernants)";"Oiseaux_non_nicheurs_metropole_hivernant";"Oiseaux";"";
"55";"459638";"459638";"Regulus ignicapilla";"(Temminck, 1820)";"Roitelet à triple bandeau";"";"ES";"Regulidae";"";"";"NA";"d";"";"2011";"LC";"LC";"";"Liste rouge des oiseaux non nicheurs de France métropolitaine (hivernants)";"Oiseaux_non_nicheurs_metropole_hivernant";"Oiseaux";"";
"55";"4308";"4308";"Regulus regulus";"(Linnaeus, 1758)";"Roitelet huppé";"";"ES";"Regulidae";"";"";"NA";"d";"";"2011";"LC";"LC";"";"Liste rouge des oiseaux non nicheurs de France métropolitaine (hivernants)";"Oiseaux_non_nicheurs_metropole_hivernant";"Oiseaux";"";
"55";"3318";"3318";"Rissa tridactyla";"(Linnaeus, 1758)";"Mouette tridactyle";"";"ES";"Laridae";"";"";"NA";"d";"";"2011";"VU";"VU";"";"Liste rouge des oiseaux non nicheurs de France métropolitaine (hivernants)";"Oiseaux_non_nicheurs_metropole_hivernant";"Oiseaux";"";
"55";"199425";"459524";"Saxicola torquatus";"auct.";"Tarier pâtre, Traquet pâtre";"";"ES";"Muscicapidae";"";"";"NA";"d";"";"2011";"";"";"";"Liste rouge des oiseaux non nicheurs de France métropolitaine (hivernants)";"Oiseaux_non_nicheurs_metropole_hivernant";"Oiseaux";"";
"55";"2005";"2005";"Somateria mollissima";"(Linnaeus, 1758)";"Eider à duvet";"";"ES";"Anatidae";"";"";"NA";"c";"";"2011";"NT";"EN";"";"Liste rouge des oiseaux non nicheurs de France métropolitaine (hivernants)";"Oiseaux_non_nicheurs_metropole_hivernant";"Oiseaux";"";
"55";"3258";"3258";"Stercorarius parasiticus";"(Linnaeus, 1758)";"Labbe parasite";"";"ES";"Stercorariidae";"";"";"NA";"d";"";"2011";"LC";"EN";"";"Liste rouge des oiseaux non nicheurs de France métropolitaine (hivernants)";"Oiseaux_non_nicheurs_metropole_hivernant";"Oiseaux";"";
"55";"3255";"3255";"Stercorarius pomarinus";"(Temminck, 1815)";"Labbe pomarin";"";"ES";"Stercorariidae";"";"";"NA";"d";"";"2011";"LC";"LC";"";"Liste rouge des oiseaux non nicheurs de France métropolitaine (hivernants)";"Oiseaux_non_nicheurs_metropole_hivernant";"Oiseaux";"";
"55";"3263";"3263";"Stercorarius skua";"(Brünnich, 1764)";"Grand Labbe";"";"ES";"Stercorariidae";"";"";"NA";"d";"";"2011";"";"";"";"Liste rouge des oiseaux non nicheurs de France métropolitaine (hivernants)";"Oiseaux_non_nicheurs_metropole_hivernant";"Oiseaux";"";
"55";"3343";"3343";"Sterna hirundo";"Linnaeus, 1758";"Sterne pierregarin";"";"ES";"Laridae";"";"";"NA";"d";"";"2011";"LC";"LC";"";"Liste rouge des oiseaux non nicheurs de France métropolitaine (hivernants)";"Oiseaux_non_nicheurs_metropole_hivernant";"Oiseaux";"";
"55";"3362";"3342";"Sterna sandvicensis";"Latham, 1787";"Sterne caugek";"";"ES";"Laridae";"";"";"NA";"c";"";"2011";"";"";"";"Liste rouge des oiseaux non nicheurs de France métropolitaine (hivernants)";"Oiseaux_non_nicheurs_metropole_hivernant";"Oiseaux";"";
"55";"3518";"3518";"Strix aluco";"Linnaeus, 1758";"Chouette hulotte";"";"ES";"Strigidae";"";"";"NA";"c";"";"2011";"LC";"LC";"";"Liste rouge des oiseaux non nicheurs de France métropolitaine (hivernants)";"Oiseaux_non_nicheurs_metropole_hivernant";"Oiseaux";"";
"55";"4257";"4257";"Sylvia atricapilla";"(Linnaeus, 1758)";"Fauvette à tête noire";"";"ES";"Sylviidae";"";"";"NA";"c";"";"2011";"LC";"LC";"";"Liste rouge des oiseaux non nicheurs de France métropolitaine (hivernants)";"Oiseaux_non_nicheurs_metropole_hivernant";"Oiseaux";"";
"55";"977";"977";"Tachybaptus ruficollis";"(Pallas, 1764)";"Grèbe castagneux";"";"ES";"Podicipedidae";"";"";"NA";"d";"";"2011";"LC";"LC";"";"Liste rouge des oiseaux non nicheurs de France métropolitaine (hivernants)";"Oiseaux_non_nicheurs_metropole_hivernant";"Oiseaux";"";
"55";"3089";"3089";"Tetrax tetrax";"(Linnaeus, 1758)";"Outarde canepetière";"";"ES";"Otididae";"";"";"NA";"c";"";"2011";"NT";"VU";"";"Liste rouge des oiseaux non nicheurs de France métropolitaine (hivernants)";"Oiseaux_non_nicheurs_metropole_hivernant";"Oiseaux";"";
"55";"2584";"2584";"Tringa erythropus";"(Pallas, 1764)";"Chevalier arlequin";"";"ES";"Scolopacidae";"";"";"NA";"c";"";"2011";"LC";"LC";"";"Liste rouge des oiseaux non nicheurs de France métropolitaine (hivernants)";"Oiseaux_non_nicheurs_metropole_hivernant";"Oiseaux";"";
"55";"2594";"2594";"Tringa nebularia";"(Gunnerus, 1767)";"Chevalier aboyeur";"";"ES";"Scolopacidae";"";"";"NA";"c";"";"2011";"LC";"LC";"";"Liste rouge des oiseaux non nicheurs de France métropolitaine (hivernants)";"Oiseaux_non_nicheurs_metropole_hivernant";"Oiseaux";"";
"55";"2603";"2603";"Tringa ochropus";"Linnaeus, 1758";"Chevalier culblanc";"";"ES";"Scolopacidae";"";"";"NA";"c";"";"2011";"LC";"LC";"";"Liste rouge des oiseaux non nicheurs de France métropolitaine (hivernants)";"Oiseaux_non_nicheurs_metropole_hivernant";"Oiseaux";"";
"55";"2586";"2586";"Tringa totanus";"(Linnaeus, 1758)";"Chevalier gambette";"";"ES";"Scolopacidae";"";"";"NA";"c";"";"2011";"LC";"VU";"";"Liste rouge des oiseaux non nicheurs de France métropolitaine (hivernants)";"Oiseaux_non_nicheurs_metropole_hivernant";"Oiseaux";"";
"55";"3967";"3967";"Troglodytes troglodytes";"(Linnaeus, 1758)";"Troglodyte mignon";"";"ES";"Troglodytidae";"";"";"NA";"d";"";"2011";"LC";"LC";"";"Liste rouge des oiseaux non nicheurs de France métropolitaine (hivernants)";"Oiseaux_non_nicheurs_metropole_hivernant";"Oiseaux";"";
"55";"4117";"4117";"Turdus merula";"Linnaeus, 1758";"Merle noir";"";"ES";"Turdidae";"";"";"NA";"d";"";"2011";"LC";"LC";"";"Liste rouge des oiseaux non nicheurs de France métropolitaine (hivernants)";"Oiseaux_non_nicheurs_metropole_hivernant";"Oiseaux";"";
"55";"4129";"4129";"Turdus philomelos";"C. L. Brehm, 1831";"Grive musicienne";"";"ES";"Turdidae";"";"";"NA";"d";"";"2011";"LC";"LC";"";"Liste rouge des oiseaux non nicheurs de France métropolitaine (hivernants)";"Oiseaux_non_nicheurs_metropole_hivernant";"Oiseaux";"";
"55";"4142";"4142";"Turdus viscivorus";"Linnaeus, 1758";"Grive draine";"";"ES";"Turdidae";"";"";"NA";"d";"";"2011";"LC";"LC";"";"Liste rouge des oiseaux non nicheurs de France métropolitaine (hivernants)";"Oiseaux_non_nicheurs_metropole_hivernant";"Oiseaux";"";
"55";"3590";"3590";"Upupa epops";"Linnaeus, 1758";"Huppe fasciée";"";"ES";"Upupidae";"";"";"NA";"d";"";"2011";"LC";"LC";"";"Liste rouge des oiseaux non nicheurs de France métropolitaine (hivernants)";"Oiseaux_non_nicheurs_metropole_hivernant";"Oiseaux";"";
